filename,file_size,file_attributes,region_count,region_id,region_shape_attributes,region_attributes
001.jpg,57154,{},1,0,"{""name"":""polygon"",""all_points_x"":[385,383,385,393,411,423,442,451,454,457,459,454,444,431,417,407,396],""all_points_y"":[351,363,379,394,408,409,409,407,397,378,370,355,341,333,329,333,338]}","{""Blood_Cells"":""white""}"
002.jpg,55195,{},1,0,"{""name"":""polygon"",""all_points_x"":[304,305,311,312,313,307,311,327,336,341,345,359,363,367,375,387,392,393,399,403,407,399,382,361,349,336,322],""all_points_y"":[180,189,195,209,221,227,228,229,235,242,255,258,253,241,235,230,221,207,193,183,173,165,165,163,159,162,169]}","{""Blood_Cells"":""white""}"
003.jpg,54506,{},1,0,"{""name"":""polygon"",""all_points_x"":[303,297,299,295,293,292,300,311,319,327,337,353,361,368,375,380,375,368,350,329,315],""all_points_y"":[189,199,215,223,235,247,253,262,269,273,274,269,261,257,245,241,223,208,197,187,187]}","{""Blood_Cells"":""white""}"
004.jpg,44494,{},1,0,"{""name"":""polygon"",""all_points_x"":[404,407,407,400,406,418,428,440,454,478,497,507,500,495,485,477,467,447,436,420],""all_points_y"":[147,160,173,181,192,204,209,211,213,209,201,192,170,158,142,135,133,129,123,133]}","{""Blood_Cells"":""white""}"
005.jpg,47498,{},1,0,"{""name"":""polygon"",""all_points_x"":[378,378,384,395,407,418,424,427,420,405,399,388],""all_points_y"":[303,320,333,339,339,333,320,311,300,293,291,297]}","{""Blood_Cells"":""white""}"
006.jpg,48320,{},1,0,"{""name"":""polygon"",""all_points_x"":[283,271,263,260,267,277,289,309,319,328,333,339,342,324,298],""all_points_y"":[303,316,329,345,353,367,369,365,363,351,337,327,325,311,303]}","{""Blood_Cells"":""white""}"
007.jpg,42092,{},1,0,"{""name"":""polygon"",""all_points_x"":[174,185,203,213,225,232,236,235,216,196,177],""all_points_y"":[289,312,321,323,317,309,295,282,267,267,277]}","{""Blood_Cells"":""white""}"
008.jpg,45015,{},1,0,"{""name"":""polygon"",""all_points_x"":[308,293,292,299,313,324,337,346,351,349,343,331,319],""all_points_y"":[327,342,354,367,384,395,386,370,357,341,331,324,325]}","{""Blood_Cells"":""white""}"
009.jpg,41105,{},1,0,"{""name"":""polygon"",""all_points_x"":[324,316,320,328,348,359,375,383,375,366,343],""all_points_y"":[197,210,227,244,249,250,239,219,204,195,188]}","{""Blood_Cells"":""white""}"
010.jpg,40152,{},1,0,"{""name"":""polygon"",""all_points_x"":[273,272,286,303,319,328,328,316,291],""all_points_y"":[231,253,271,276,267,255,233,223,223]}","{""Blood_Cells"":""white""}"
011.jpg,44849,{},1,0,"{""name"":""polygon"",""all_points_x"":[225,204,203,215,239,262,269,269,249,239],""all_points_y"":[175,192,213,234,242,238,223,197,178,175]}","{""Blood_Cells"":""white""}"
012.jpg,47394,{},1,0,"{""name"":""polygon"",""all_points_x"":[261,261,268,279,300,316,324,329,331,322,311,293,269],""all_points_y"":[365,385,399,413,418,411,404,387,376,366,350,347,357]}","{""Blood_Cells"":""white""}"
013.jpg,46776,{},1,0,"{""name"":""polygon"",""all_points_x"":[411,401,401,413,431,443,458,464,460,449,432],""all_points_y"":[163,181,197,212,220,217,209,191,175,163,160]}","{""Blood_Cells"":""white""}"
014.jpg,40337,{},1,0,"{""name"":""polygon"",""all_points_x"":[246,249,265,287,304,317,323,321,300,271,257],""all_points_y"":[197,216,239,247,245,235,219,205,181,181,187]}","{""Blood_Cells"":""white""}"
015.jpg,45295,{},1,0,"{""name"":""polygon"",""all_points_x"":[178,177,188,207,227,236,243,233,217,201,189],""all_points_y"":[170,189,207,215,209,196,175,159,153,151,158]}","{""Blood_Cells"":""white""}"
016.jpg,42231,{},1,0,"{""name"":""polygon"",""all_points_x"":[339,329,339,356,380,402,407,401,382,361],""all_points_y"":[285,308,335,349,346,333,309,291,279,277]}","{""Blood_Cells"":""white""}"
017.jpg,42898,{},1,0,"{""name"":""polygon"",""all_points_x"":[217,205,204,213,241,265,274,275,268,251,232],""all_points_y"":[245,259,279,300,311,305,291,269,251,240,241]}","{""Blood_Cells"":""white""}"
018.jpg,42506,{},1,0,"{""name"":""polygon"",""all_points_x"":[314,305,307,323,343,361,369,367,360,327],""all_points_y"":[223,239,259,276,279,275,259,247,231,217]}","{""Blood_Cells"":""white""}"
019.jpg,44385,{},1,0,"{""name"":""polygon"",""all_points_x"":[329,315,317,340,367,385,388,375,357,343],""all_points_y"":[290,311,335,357,355,341,310,292,287,287]}","{""Blood_Cells"":""white""}"
020.jpg,44592,{},1,0,"{""name"":""polygon"",""all_points_x"":[456,450,455,469,482,493,499,499,488,473,461],""all_points_y"":[187,208,225,229,233,226,213,199,185,181,184]}","{""Blood_Cells"":""white""}"
021.jpg,45783,{},1,0,"{""name"":""polygon"",""all_points_x"":[302,298,305,323,341,359,367,367,357,334,313],""all_points_y"":[287,309,322,335,338,329,309,293,277,273,276]}","{""Blood_Cells"":""white""}"
022.jpg,42112,{},1,0,"{""name"":""polygon"",""all_points_x"":[425,413,410,417,431,448,471,480,481,474,461,444],""all_points_y"":[279,291,311,329,345,350,340,327,306,287,275,274]}","{""Blood_Cells"":""white""}"
023.jpg,45171,{},1,0,"{""name"":""polygon"",""all_points_x"":[305,295,294,304,323,344,357,362,355,337,322],""all_points_y"":[247,266,287,303,311,308,295,275,255,245,245]}","{""Blood_Cells"":""white""}"
024.jpg,47834,{},1,0,"{""name"":""polygon"",""all_points_x"":[295,281,284,299,319,340,347,345,335,314],""all_points_y"":[75,94,117,131,135,125,111,90,77,73]}","{""Blood_Cells"":""white""}"
025.jpg,45757,{},1,0,"{""name"":""polygon"",""all_points_x"":[38,29,31,50,76,94,99,92,76,59],""all_points_y"":[303,327,341,358,359,344,323,306,297,293]}","{""Blood_Cells"":""white""}"
026.jpg,35757,{},1,0,"{""name"":""polygon"",""all_points_x"":[344,313,308,315,332,355,374,404,399,383,359],""all_points_y"":[193,229,247,266,283,288,288,250,195,184,191]}","{""Blood_Cells"":""white""}"
027.jpg,43467,{},1,0,"{""name"":""polygon"",""all_points_x"":[304,295,298,313,333,350,359,360,352,337,317],""all_points_y"":[179,194,213,227,230,223,212,197,183,171,171]}","{""Blood_Cells"":""white""}"
028.jpg,39733,{},1,0,"{""name"":""polygon"",""all_points_x"":[289,275,283,307,329,351,347,331,313],""all_points_y"":[274,298,317,333,333,311,288,273,267]}","{""Blood_Cells"":""white""}"
029.jpg,43825,{},1,0,"{""name"":""polygon"",""all_points_x"":[309,292,290,301,314,343,357,353,342,325],""all_points_y"":[269,282,301,325,329,324,307,289,271,269]}","{""Blood_Cells"":""white""}"
030.jpg,50582,{},1,0,"{""name"":""polygon"",""all_points_x"":[62,50,60,79,105,115,105,89],""all_points_y"":[383,407,429,441,432,407,385,379]}","{""Blood_Cells"":""white""}"
031.jpg,50024,{},1,0,"{""name"":""polygon"",""all_points_x"":[307,291,297,313,343,357,355,341,325],""all_points_y"":[167,186,206,221,221,203,183,167,164]}","{""Blood_Cells"":""white""}"
032.jpg,49835,{},1,0,"{""name"":""polygon"",""all_points_x"":[382,367,367,381,407,428,439,437,412,395],""all_points_y"":[229,250,269,284,290,282,258,237,218,221]}","{""Blood_Cells"":""white""}"
033.jpg,51361,{},1,0,"{""name"":""polygon"",""all_points_x"":[382,367,373,392,410,429,438,438,424,401],""all_points_y"":[141,166,188,202,202,197,174,154,141,136]}","{""Blood_Cells"":""white""}"
034.jpg,50573,{},1,0,"{""name"":""polygon"",""all_points_x"":[185,168,165,173,199,231,245,239,229,212,201],""all_points_y"":[289,304,329,345,357,348,323,301,290,282,282]}","{""Blood_Cells"":""white""}"
035.jpg,47948,{},1,0,"{""name"":""polygon"",""all_points_x"":[180,169,178,204,241,257,249,231,203],""all_points_y"":[141,165,183,194,186,165,149,136,133]}","{""Blood_Cells"":""white""}"
036.jpg,49760,{},1,0,"{""name"":""polygon"",""all_points_x"":[175,160,161,177,215,240,239,231,213,196],""all_points_y"":[251,274,298,314,314,298,271,256,248,246]}","{""Blood_Cells"":""white""}"
037.jpg,45681,{},1,0,"{""name"":""polygon"",""all_points_x"":[155,135,144,161,196,211,207,189,175],""all_points_y"":[208,233,262,274,271,248,223,205,205]}","{""Blood_Cells"":""white""}"
038.jpg,48747,{},1,0,"{""name"":""polygon"",""all_points_x"":[352,329,335,352,376,400,401,386,369],""all_points_y"":[240,263,285,299,303,286,261,239,237]}","{""Blood_Cells"":""white""}"
039.jpg,49990,{},1,0,"{""name"":""polygon"",""all_points_x"":[369,351,348,361,393,414,423,417,398],""all_points_y"":[167,187,217,232,234,223,199,180,169]}","{""Blood_Cells"":""white""}"
040.jpg,44487,{},1,0,"{""name"":""polygon"",""all_points_x"":[232,215,217,228,254,276,293,289,280,265],""all_points_y"":[327,352,374,391,400,389,363,343,330,323]}","{""Blood_Cells"":""white""}"
041.jpg,44698,{},1,0,"{""name"":""polygon"",""all_points_x"":[331,321,339,367,377,375,365,349],""all_points_y"":[282,302,330,329,314,291,279,280]}","{""Blood_Cells"":""white""}"
042.jpg,47566,{},1,0,"{""name"":""polygon"",""all_points_x"":[471,455,453,465,499,508,509,492],""all_points_y"":[233,254,273,297,303,293,242,232]}","{""Blood_Cells"":""white""}"
043.jpg,48437,{},1,0,"{""name"":""polygon"",""all_points_x"":[339,310,313,331,352,372,385,393,387,375],""all_points_y"":[206,231,255,273,279,274,261,234,220,207]}","{""Blood_Cells"":""white""}"
044.jpg,51984,{},1,0,"{""name"":""polygon"",""all_points_x"":[263,255,263,295,299,327,337,344,338],""all_points_y"":[160,199,212,224,227,205,205,195,175]}","{""Blood_Cells"":""white""}"
045.jpg,54442,{},1,0,"{""name"":""polygon"",""all_points_x"":[179,157,151,151,167,192,215,233,238,239,231,209],""all_points_y"":[129,142,167,205,215,227,220,199,197,159,146,139]}","{""Blood_Cells"":""white""}"
046.jpg,43126,{},1,0,"{""name"":""polygon"",""all_points_x"":[397,385,387,405,436,452,453,447,421],""all_points_y"":[229,253,274,298,295,277,251,237,225]}","{""Blood_Cells"":""white""}"
047.jpg,47403,{},1,0,"{""name"":""polygon"",""all_points_x"":[390,375,383,399,418,435,438,434,417],""all_points_y"":[287,304,331,343,349,336,317,302,289]}","{""Blood_Cells"":""white""}"
048.jpg,45698,{},1,0,"{""name"":""polygon"",""all_points_x"":[447,439,451,475,496,503,497,484,471],""all_points_y"":[227,258,284,290,285,258,238,225,225]}","{""Blood_Cells"":""white""}"
049.jpg,43825,{},1,0,"{""name"":""polygon"",""all_points_x"":[391,377,382,398,418,434,443,437,415],""all_points_y"":[341,360,386,399,402,389,367,345,335]}","{""Blood_Cells"":""white""}"
050.jpg,46096,{},1,0,"{""name"":""polygon"",""all_points_x"":[314,289,291,309,335,358,369,361,343],""all_points_y"":[156,178,211,235,244,229,202,180,163]}","{""Blood_Cells"":""white""}"
051.jpg,54330,{},1,0,"{""name"":""polygon"",""all_points_x"":[363,379,399,423,446,458,455,435,420,410,403,385,372,360],""all_points_y"":[257,236,226,225,242,270,297,317,318,322,322,309,305,263]}","{""Blood_Cells"":""white""}"
052.jpg,48363,{},1,0,"{""name"":""polygon"",""all_points_x"":[172,157,164,189,212,225,219,202,188],""all_points_y"":[185,203,229,245,239,217,191,178,178]}","{""Blood_Cells"":""white""}"
053.jpg,48066,{},1,0,"{""name"":""polygon"",""all_points_x"":[465,453,459,481,509,510,492],""all_points_y"":[83,103,131,151,143,90,81]}","{""Blood_Cells"":""white""}"
054.jpg,57910,{},1,0,"{""name"":""polygon"",""all_points_x"":[295,265,252,244,245,249,268,277,286,305,333,339,335,324,319],""all_points_y"":[212,226,245,254,288,302,303,311,317,316,301,290,249,226,216]}","{""Blood_Cells"":""white""}"
055.jpg,48801,{},1,0,"{""name"":""polygon"",""all_points_x"":[419,407,411,425,455,474,479,470,452,435],""all_points_y"":[266,285,304,324,330,319,295,274,263,263]}","{""Blood_Cells"":""white""}"
056.jpg,52688,{},1,0,"{""name"":""polygon"",""all_points_x"":[257,249,246,263,279,298,335,344,343,329,325,313,295,283],""all_points_y"":[153,172,200,216,236,237,221,203,157,141,133,135,133,135]}","{""Blood_Cells"":""white""}"
057.jpg,48626,{},1,0,"{""name"":""polygon"",""all_points_x"":[508,491,467,462,471,493,508],""all_points_y"":[342,342,355,376,401,412,409]}","{""Blood_Cells"":""white""}"
058.jpg,51348,{},1,0,"{""name"":""polygon"",""all_points_x"":[378,372,377,399,425,449,444,439,428,399],""all_points_y"":[251,269,287,301,301,272,256,245,235,237]}","{""Blood_Cells"":""white""}"
059.jpg,51559,{},1,0,"{""name"":""polygon"",""all_points_x"":[368,343,337,345,363,373,410,421,419,410,387],""all_points_y"":[278,293,328,345,349,351,345,319,303,284,271]}","{""Blood_Cells"":""white""}"
060.jpg,60260,{},1,0,"{""name"":""polygon"",""all_points_x"":[311,311,324,343,367,377,391,404,409,419,426,419,395,373,363,353,342,333,322],""all_points_y"":[125,143,153,153,166,170,157,154,157,148,137,111,84,81,75,71,77,88,87]}","{""Blood_Cells"":""white""}"
061.jpg,50751,{},1,0,"{""name"":""polygon"",""all_points_x"":[394,374,363,365,388,415,431,439,437,413],""all_points_y"":[159,167,185,205,221,222,209,193,175,161]}","{""Blood_Cells"":""white""}"
062.jpg,49291,{},1,0,"{""name"":""polygon"",""all_points_x"":[483,447,442,451,467,495,509,509],""all_points_y"":[231,249,271,296,306,303,290,240]}","{""Blood_Cells"":""white""}"
063.jpg,40773,{},1,0,"{""name"":""polygon"",""all_points_x"":[337,321,324,337,355,369,370,362,351],""all_points_y"":[206,225,245,258,261,245,226,210,205]}","{""Blood_Cells"":""red""}"
064.jpg,50681,{},1,0,"{""name"":""polygon"",""all_points_x"":[108,105,111,134,149,173,185,180,170,143,125],""all_points_y"":[122,149,170,183,184,179,163,138,111,106,111]}","{""Blood_Cells"":""white""}"
065.jpg,50743,{},1,0,"{""name"":""polygon"",""all_points_x"":[252,243,251,266,292,313,317,316,305,283,273],""all_points_y"":[299,319,346,359,361,349,328,303,290,290,290]}","{""Blood_Cells"":""white""}"
066.jpg,49642,{},1,0,"{""name"":""polygon"",""all_points_x"":[215,200,201,217,237,257,250,237],""all_points_y"":[332,353,369,383,379,367,351,333]}","{""Blood_Cells"":""white""}"
067.jpg,49293,{},1,0,"{""name"":""polygon"",""all_points_x"":[283,274,279,281,292,305,332,346,353,347,331,311],""all_points_y"":[159,178,193,205,223,233,221,205,177,160,151,149]}","{""Blood_Cells"":""white""}"
068.jpg,49875,{},1,0,"{""name"":""polygon"",""all_points_x"":[62,63,58,60,80,97,116,125,138,125,109,85],""all_points_y"":[28,49,69,86,95,107,99,85,69,47,27,21]}","{""Blood_Cells"":""white""}"
069.jpg,50490,{},1,0,"{""name"":""polygon"",""all_points_x"":[344,318,306,301,317,337,367,384,393,391,383,370],""all_points_y"":[187,200,219,241,261,273,267,254,233,209,194,183]}","{""Blood_Cells"":""white""}"
070.jpg,48949,{},1,0,"{""name"":""polygon"",""all_points_x"":[242,239,244,262,280,293,321,333,335,341,324,311,297,279,279,260],""all_points_y"":[93,110,138,151,162,170,165,157,133,125,87,67,61,66,82,91]}","{""Blood_Cells"":""white""}"
071.jpg,52805,{},1,0,"{""name"":""polygon"",""all_points_x"":[449,447,432,441,444,436,443,471,491,506,511,489,493,472],""all_points_y"":[113,129,142,155,170,192,211,212,208,211,175,158,121,123]}","{""Blood_Cells"":""white""}"
072.jpg,27194,{},1,0,"{""name"":""polygon"",""all_points_x"":[428,391,388,402,417,436,460,473,471,467,444],""all_points_y"":[225,273,290,296,307,302,289,271,236,229,231]}","{""Blood_Cells"":""white""}"
073.jpg,47176,{},1,0,"{""name"":""polygon"",""all_points_x"":[280,264,269,291,316,332,327,313],""all_points_y"":[365,381,407,421,419,396,375,362]}","{""Blood_Cells"":""white""}"
074.jpg,54427,{},1,0,"{""name"":""polygon"",""all_points_x"":[276,265,275,295,334,343,337,321,305],""all_points_y"":[61,87,110,122,111,91,66,50,50]}","{""Blood_Cells"":""white""}"
075.jpg,49399,{},1,0,"{""name"":""polygon"",""all_points_x"":[369,365,385,409,435,442,439,421,401],""all_points_y"":[245,277,295,301,293,267,245,235,235]}","{""Blood_Cells"":""white""}"
076.jpg,52948,{},1,0,"{""name"":""polygon"",""all_points_x"":[321,307,311,328,355,389,398,399,383,367,347],""all_points_y"":[173,205,222,239,247,240,218,195,179,168,168]}","{""Blood_Cells"":""white""}"
077.jpg,49538,{},1,0,"{""name"":""polygon"",""all_points_x"":[81,69,86,104,139,157,151,151,129,127,119,102,92],""all_points_y"":[297,323,347,387,386,359,327,305,293,282,281,295,299]}","{""Blood_Cells"":""white""}"
078.jpg,52677,{},1,0,"{""name"":""polygon"",""all_points_x"":[290,284,289,308,329,349,353,343,328,305],""all_points_y"":[229,245,267,277,281,270,245,225,215,219]}","{""Blood_Cells"":""white""}"
079.jpg,48341,{},1,0,"{""name"":""polygon"",""all_points_x"":[265,249,256,279,301,315,311,303,288],""all_points_y"":[210,229,258,269,265,242,221,213,207]}","{""Blood_Cells"":""white""}"
080.jpg,53198,{},1,0,"{""name"":""polygon"",""all_points_x"":[351,327,323,331,364,385,395,393,383,370],""all_points_y"":[336,350,377,397,409,405,383,359,343,341]}","{""Blood_Cells"":""white""}"
081.jpg,49131,{},1,0,"{""name"":""polygon"",""all_points_x"":[305,303,322,343,369,375,365,346,320],""all_points_y"":[168,197,218,224,207,182,162,149,157]}","{""Blood_Cells"":""white""}"
082.jpg,48776,{},1,0,"{""name"":""polygon"",""all_points_x"":[187,157,167,161,153,165,179,182,181,196,202,219,236,241,251,265,267,247,239,231,206,194],""all_points_y"":[180,196,215,231,240,244,257,271,277,279,283,274,274,275,255,248,239,219,181,178,186,187]}","{""Blood_Cells"":""white""}"
083.jpg,46611,{},1,0,"{""name"":""polygon"",""all_points_x"":[413,398,397,413,427,449,460,465,455,439],""all_points_y"":[229,247,266,285,289,281,272,251,235,225]}","{""Blood_Cells"":""white""}"
084.jpg,48900,{},1,0,"{""name"":""polygon"",""all_points_x"":[53,37,44,61,89,106,118,119,101,79],""all_points_y"":[213,238,273,289,291,282,266,237,217,206]}","{""Blood_Cells"":""white""}"
085.jpg,50130,{},1,0,"{""name"":""polygon"",""all_points_x"":[331,323,325,345,363,364,362,344],""all_points_y"":[273,289,306,315,311,290,274,266]}","{""Blood_Cells"":""red""}"
086.jpg,44369,{},1,0,"{""name"":""polygon"",""all_points_x"":[294,319,353,367,377,380,395,393,391,377,363,353,344,331,316,310,307,313,309,291],""all_points_y"":[255,252,234,226,236,255,277,287,303,306,312,321,311,310,311,311,305,293,279,265]}","{""Blood_Cells"":""white""}"
087.jpg,39750,{},1,0,"{""name"":""polygon"",""all_points_x"":[378,356,347,342,355,375,378,410,437,443,427,404],""all_points_y"":[121,138,158,188,201,208,214,194,179,170,137,130]}","{""Blood_Cells"":""white""}"
088.jpg,42277,{},1,0,"{""name"":""polygon"",""all_points_x"":[372,345,356,354,354,373,385,391,427,436,439,441,425,397],""all_points_y"":[209,229,244,269,285,279,285,291,279,253,251,249,221,208]}","{""Blood_Cells"":""white""}"
089.jpg,33538,{},1,0,"{""name"":""polygon"",""all_points_x"":[228,218,224,245,263,276,271,254],""all_points_y"":[306,329,349,354,358,339,314,303]}","{""Blood_Cells"":""red""}"
090.jpg,42293,{},1,0,"{""name"":""polygon"",""all_points_x"":[385,353,415,422,445,458,452,446,436,407],""all_points_y"":[241,283,335,335,314,309,291,255,249,243]}","{""Blood_Cells"":""white""}"
091.jpg,30465,{},1,0,"{""name"":""polygon"",""all_points_x"":[451,431,449,463,485,507,505,502,485,479],""all_points_y"":[175,234,255,265,261,242,219,185,173,165]}","{""Blood_Cells"":""white""}"
092.jpg,36478,{},1,0,"{""name"":""polygon"",""all_points_x"":[448,435,436,446,469,481,487,481,458],""all_points_y"":[240,257,276,285,285,274,251,237,235]}","{""Blood_Cells"":""white""}"
093.jpg,39144,{},1,0,"{""name"":""polygon"",""all_points_x"":[201,193,193,206,228,247,259,257,248,234,220],""all_points_y"":[73,97,115,129,135,132,111,96,79,69,66]}","{""Blood_Cells"":""white""}"
094.jpg,39348,{},1,0,"{""name"":""polygon"",""all_points_x"":[307,297,304,314,335,353,359,348,329],""all_points_y"":[141,166,199,209,209,185,161,139,133]}","{""Blood_Cells"":""white""}"
095.jpg,38132,{},1,0,"{""name"":""polygon"",""all_points_x"":[347,321,324,310,320,341,353,369,389,399,413,412,395,364],""all_points_y"":[141,163,181,199,213,215,240,229,229,221,205,185,170,156]}","{""Blood_Cells"":""white""}"
096.jpg,40677,{},1,0,"{""name"":""polygon"",""all_points_x"":[394,387,393,398,394,403,420,436,447,471,484,489,500,501,495,481,460,450,440,417],""all_points_y"":[234,263,276,283,302,307,318,309,289,279,277,255,250,234,228,236,229,205,217,224]}","{""Blood_Cells"":""white""}"
097.jpg,44651,{},1,0,"{""name"":""polygon"",""all_points_x"":[308,292,339,366,376,376,364,361,343,331],""all_points_y"":[194,215,273,272,238,217,192,206,186,192]}","{""Blood_Cells"":""white""}"
098.jpg,43170,{},1,0,"{""name"":""polygon"",""all_points_x"":[239,245,238,247,241,255,276,291,311,333,336,320,325,332,313,305,311,299,283,271,263],""all_points_y"":[171,204,218,235,247,252,237,244,230,233,227,203,185,182,171,153,141,139,149,150,149]}","{""Blood_Cells"":""white""}"
099.jpg,39100,{},1,0,"{""name"":""polygon"",""all_points_x"":[311,289,281,292,297,314,334,365,373,381,381,375,375,343],""all_points_y"":[221,243,267,280,296,305,310,296,283,269,259,252,242,229]}","{""Blood_Cells"":""white""}"
100.jpg,44263,{},1,0,"{""name"":""polygon"",""all_points_x"":[383,361,357,364,372,388,395,413,422,444,455,467,463,446,436,425,406,401,390,385],""all_points_y"":[181,197,221,245,255,255,264,260,238,223,221,211,201,182,180,183,177,167,162,169]}","{""Blood_Cells"":""white""}"
101.jpg,40871,{},1,0,"{""name"":""polygon"",""all_points_x"":[369,351,367,391,411,432,449,459,460,448,441,434,425,417,405,397,392,387,379],""all_points_y"":[197,223,244,266,277,258,244,241,234,229,217,209,207,199,193,179,177,187,193]}","{""Blood_Cells"":""white""}"
102.jpg,40903,{},1,0,"{""name"":""polygon"",""all_points_x"":[133,169,193,209,212,212,207,199,183,166,157,155,151],""all_points_y"":[225,247,253,255,242,214,180,164,167,168,167,178,189]}","{""Blood_Cells"":""white""}"
103.jpg,43646,{},1,0,"{""name"":""polygon"",""all_points_x"":[311,305,313,307,313,351,385,393,407,416,402,408,401,385,377,373,355,348,334,322],""all_points_y"":[212,223,233,265,277,276,276,278,263,255,235,223,213,210,197,189,188,188,207,213]}","{""Blood_Cells"":""white""}"
104.jpg,42063,{},1,0,"{""name"":""polygon"",""all_points_x"":[476,454,451,441,445,461,476,480,485,497,509,509,494],""all_points_y"":[157,173,189,209,218,224,237,252,253,243,239,183,169]}","{""Blood_Cells"":""white""}"
105.jpg,36544,{},1,0,"{""name"":""polygon"",""all_points_x"":[481,452,430,426,430,445,451,465,481,493,504,510,509,495],""all_points_y"":[241,257,265,281,303,332,347,347,341,333,330,327,265,261]}","{""Blood_Cells"":""white""}"
106.jpg,37168,{},1,0,"{""name"":""polygon"",""all_points_x"":[351,336,335,341,361,365,373,391,415,425,435,433,423,395,375],""all_points_y"":[167,183,207,222,229,245,247,242,240,237,219,205,188,171,167]}","{""Blood_Cells"":""white""}"
107.jpg,45338,{},1,0,"{""name"":""polygon"",""all_points_x"":[414,408,388,386,393,404,412,424,445,456,469,473,473,462,444,428],""all_points_y"":[171,190,208,217,229,233,246,260,256,254,245,230,212,201,189,175]}","{""Blood_Cells"":""white""}"
108.jpg,40702,{},1,0,"{""name"":""polygon"",""all_points_x"":[244,247,233,247,267,281,287,305,313,304,304,311,315,310,301,287],""all_points_y"":[251,276,329,341,338,338,321,312,309,296,284,270,266,253,253,247]}","{""Blood_Cells"":""white""}"
109.jpg,43201,{},1,0,"{""name"":""polygon"",""all_points_x"":[52,53,46,31,38,53,55,63,75,90,110,116,129,149,164,166,157,149,148,151,151],""all_points_y"":[381,400,414,423,432,435,451,448,447,453,470,463,445,442,441,434,429,418,402,389,385]}","{""Blood_Cells"":""white""}"
110.jpg,45796,{},1,0,"{""name"":""polygon"",""all_points_x"":[118,126,123,127,143,162,189,215,209,197,189,170,151,143],""all_points_y"":[444,461,482,497,503,492,471,447,434,437,424,421,421,420]}","{""Blood_Cells"":""white""}"
111.jpg,45259,{},1,0,"{""name"":""polygon"",""all_points_x"":[331,332,321,325,345,360,370,388,405,409,407,415,417,401,386,380,365,353,350,337],""all_points_y"":[173,197,204,221,226,243,247,244,233,217,200,197,187,185,176,165,153,149,164,168]}","{""Blood_Cells"":""white""}"
112.jpg,41978,{},1,0,"{""name"":""polygon"",""all_points_x"":[303,305,292,324,341,347,365,370,383,396,397,388,383,383,377,364,348,337,319],""all_points_y"":[149,173,197,219,245,252,250,233,229,221,207,202,190,167,159,167,169,164,151]}","{""Blood_Cells"":""white""}"
113.jpg,41826,{},1,0,"{""name"":""polygon"",""all_points_x"":[422,419,412,406,445,466,483,497,503,508,500,496,491,477,471,455],""all_points_y"":[205,222,239,246,285,306,293,289,289,275,264,251,239,232,218,213]}","{""Blood_Cells"":""white""}"
114.jpg,42869,{},1,0,"{""name"":""polygon"",""all_points_x"":[98,133,143,149,157,156,169,185,174,164,154,135,125,111,105,98,91,80,73],""all_points_y"":[178,177,186,195,191,173,137,121,117,99,94,88,82,85,89,107,117,123,125]}","{""Blood_Cells"":""white""}"
115.jpg,43946,{},1,0,"{""name"":""polygon"",""all_points_x"":[263,284,291,300,317,321,329,346,340,337,339,346,341,327,319,303,295,287,277,267],""all_points_y"":[168,196,221,229,229,235,218,214,204,186,169,163,157,149,137,133,128,141,149,157]}","{""Blood_Cells"":""white""}"
116.jpg,43783,{},1,0,"{""name"":""polygon"",""all_points_x"":[82,87,77,57,59,67,76,80,95,108,120,144,153,161,147,137,118],""all_points_y"":[335,347,362,373,383,392,403,417,419,412,400,394,379,364,351,347,339]}","{""Blood_Cells"":""white""}"
117.jpg,38430,{},1,0,"{""name"":""polygon"",""all_points_x"":[309,295,269,270,280,308,321,348,349,335,323],""all_points_y"":[417,431,447,474,499,507,503,467,441,427,422]}","{""Blood_Cells"":""white""}"
118.jpg,41528,{},1,0,"{""name"":""polygon"",""all_points_x"":[281,253,327,341,346,353,347,321,297],""all_points_y"":[63,105,141,131,106,102,81,60,57]}","{""Blood_Cells"":""white""}"
119.jpg,39239,{},1,0,"{""name"":""polygon"",""all_points_x"":[178,166,145,135,135,145,152,195,225,238,233,223,203],""all_points_y"":[198,210,218,223,244,253,287,305,289,267,233,217,205]}","{""Blood_Cells"":""white""}"
120.jpg,34802,{},1,0,"{""name"":""polygon"",""all_points_x"":[321,305,303,316,335,349,369,385,389,375,369,341],""all_points_y"":[209,243,258,281,285,292,286,272,259,232,210,205]}","{""Blood_Cells"":""white""}"
121.jpg,38921,{},1,0,"{""name"":""polygon"",""all_points_x"":[188,188,183,183,205,219,239,261,268,273,284,275,267,245,220,201],""all_points_y"":[227,253,271,288,291,299,299,285,279,255,246,231,216,219,214,220]}","{""Blood_Cells"":""white""}"
122.jpg,43973,{},1,0,"{""name"":""polygon"",""all_points_x"":[312,310,298,327,348,362,377,382,377,382,392,390,375,357,343],""all_points_y"":[138,157,173,202,233,221,225,225,199,169,146,141,151,148,143]}","{""Blood_Cells"":""white""}"
123.jpg,46138,{},1,0,"{""name"":""polygon"",""all_points_x"":[105,95,92,103,126,147,151,146,133],""all_points_y"":[245,256,275,290,297,287,265,248,239]}","{""Blood_Cells"":""white""}"
124.jpg,55989,{},1,0,"{""name"":""polygon"",""all_points_x"":[32,31,35,51,64,79,96,108,116,108,97,89,75,55],""all_points_y"":[254,279,299,317,322,317,301,282,268,255,246,243,242,242]}","{""Blood_Cells"":""white""}"
125.jpg,55677,{},1,0,"{""name"":""polygon"",""all_points_x"":[388,364,365,370,385,403,427,439,441,438,443,445,433],""all_points_y"":[228,247,266,289,297,303,300,294,286,270,261,257,239]}","{""Blood_Cells"":""white""}"
126.jpg,37532,{},1,0,"{""name"":""polygon"",""all_points_x"":[335,351,359,353,329,302,289,281,271,278,292,323],""all_points_y"":[152,169,201,218,225,225,211,187,166,157,155,145]}","{""Blood_Cells"":""white""}"
127.jpg,49882,{},1,0,"{""name"":""polygon"",""all_points_x"":[240,223,221,233,259,276,289,282,261],""all_points_y"":[228,248,271,291,306,294,270,241,221]}","{""Blood_Cells"":""white""}"
128.jpg,46224,{},1,0,"{""name"":""polygon"",""all_points_x"":[290,273,269,270,284,313,328,341,351,339,324,311],""all_points_y"":[207,225,250,269,287,293,287,257,225,210,202,209]}","{""Blood_Cells"":""white""}"
129.jpg,42066,{},1,0,"{""name"":""polygon"",""all_points_x"":[367,351,359,380,396,419,425,415,399,380],""all_points_y"":[209,231,258,267,266,254,232,213,203,203]}","{""Blood_Cells"":""white""}"
130.jpg,57528,{},1,0,"{""name"":""polygon"",""all_points_x"":[182,178,191,205,233,240,241,239,243,244,249,249,243,231,220],""all_points_y"":[93,111,137,154,158,159,154,139,127,115,107,94,91,94,86]}","{""Blood_Cells"":""white""}"
131.jpg,48034,{},1,0,"{""name"":""polygon"",""all_points_x"":[255,257,277,303,322,324,324,318,310,304,295,271],""all_points_y"":[348,373,394,389,381,358,341,331,325,323,338,346]}","{""Blood_Cells"":""white""}"
132.jpg,57620,{},1,0,"{""name"":""polygon"",""all_points_x"":[357,351,387,409,419,427,412,378],""all_points_y"":[332,363,390,394,383,349,317,316]}","{""Blood_Cells"":""white""}"
133.jpg,52707,{},1,0,"{""name"":""polygon"",""all_points_x"":[375,358,357,380,396,416,425,417,401],""all_points_y"":[267,291,319,341,346,336,310,281,266]}","{""Blood_Cells"":""white""}"
134.jpg,44907,{},1,0,"{""name"":""polygon"",""all_points_x"":[252,267,292,314,327,335,333,320,301,280,265,259],""all_points_y"":[346,374,381,377,359,328,310,298,294,298,306,333]}","{""Blood_Cells"":""white""}"
135.jpg,45329,{},1,0,"{""name"":""polygon"",""all_points_x"":[380,362,369,383,403,412,416,395],""all_points_y"":[194,213,246,264,266,257,229,196]}","{""Blood_Cells"":""white""}"
136.jpg,42633,{},1,0,"{""name"":""polygon"",""all_points_x"":[289,284,260,261,271,301,317,335,345,347,357,361,357,337,323],""all_points_y"":[199,221,243,269,293,309,313,297,289,269,257,243,215,203,199]}","{""Blood_Cells"":""white""}"
137.jpg,50985,{},1,0,"{""name"":""polygon"",""all_points_x"":[412,405,411,412,409,436,468,487,487,465,453,433,426],""all_points_y"":[198,211,219,241,254,261,250,229,209,189,183,189,195]}","{""Blood_Cells"":""white""}"
138.jpg,50215,{},1,0,"{""name"":""polygon"",""all_points_x"":[359,336,331,329,335,349,369,393,407,416,408,383],""all_points_y"":[262,269,287,298,319,337,338,333,328,291,272,260]}","{""Blood_Cells"":""white""}"
139.jpg,58234,{},1,0,"{""name"":""polygon"",""all_points_x"":[375,367,363,373,397,421,433,441,447,447,424,409],""all_points_y"":[243,271,290,311,318,314,303,287,268,252,241,235]}","{""Blood_Cells"":""white""}"
140.jpg,50661,{},1,0,"{""name"":""polygon"",""all_points_x"":[385,375,378,392,406,421,425,413,399],""all_points_y"":[182,192,208,223,230,221,199,183,181]}","{""Blood_Cells"":""red""}"
141.jpg,60040,{},1,0,"{""name"":""polygon"",""all_points_x"":[263,239,232,217,234,249,273,284,293,301,298,282],""all_points_y"":[325,338,356,372,399,409,403,395,376,368,344,335]}","{""Blood_Cells"":""white""}"
142.jpg,53098,{},1,0,"{""name"":""polygon"",""all_points_x"":[346,335,332,335,347,367,377,387,395,399,401,399,407],""all_points_y"":[275,283,297,317,324,325,327,314,295,289,282,269,261]}","{""Blood_Cells"":""white""}"
143.jpg,55494,{},1,0,"{""name"":""polygon"",""all_points_x"":[290,275,279,291,317,331,346,355,360,348,335],""all_points_y"":[235,282,308,321,329,329,316,291,279,265,253]}","{""Blood_Cells"":""white""}"
144.jpg,51137,{},1,0,"{""name"":""polygon"",""all_points_x"":[361,347,353,369,396,417,425,439,439,422,409,385],""all_points_y"":[261,285,313,343,347,341,311,303,277,269,255,254]}","{""Blood_Cells"":""white""}"
145.jpg,55672,{},1,0,"{""name"":""polygon"",""all_points_x"":[252,230,231,242,267,295,307,311,299,280],""all_points_y"":[195,219,245,269,277,265,244,218,195,187]}","{""Blood_Cells"":""white""}"
146.jpg,69225,{},1,0,"{""name"":""polygon"",""all_points_x"":[392,379,381,390,407,422,428,422,409],""all_points_y"":[313,323,344,355,355,349,333,317,311]}","{""Blood_Cells"":""red""}"
147.jpg,67784,{},1,0,"{""name"":""polygon"",""all_points_x"":[449,439,443,452,472,486,492,487,472],""all_points_y"":[297,309,329,340,342,333,312,298,291]}","{""Blood_Cells"":""red""}"
148.jpg,66295,{},1,0,"{""name"":""polygon"",""all_points_x"":[429,419,417,435,447,465,467,455],""all_points_y"":[109,121,139,156,159,146,125,106]}","{""Blood_Cells"":""red""}"
149.jpg,57182,{},1,0,"{""name"":""polygon"",""all_points_x"":[430,416,407,423,443,459,463,457,445],""all_points_y"":[231,237,254,272,279,269,253,237,231]}","{""Blood_Cells"":""red""}"
150.jpg,61326,{},1,0,"{""name"":""polygon"",""all_points_x"":[296,281,286,303,320,333,334,324,315],""all_points_y"":[143,157,178,189,189,178,161,146,143]}","{""Blood_Cells"":""red""}"
151.jpg,58636,{},1,0,"{""name"":""polygon"",""all_points_x"":[295,271,268,279,299,313,319,312,307],""all_points_y"":[218,225,243,263,266,262,243,223,218]}","{""Blood_Cells"":""red""}"
152.jpg,53926,{},1,0,"{""name"":""polygon"",""all_points_x"":[278,268,273,289,309,321,322,313,298],""all_points_y"":[375,396,414,421,421,406,390,379,373]}","{""Blood_Cells"":""red""}"
153.jpg,59903,{},1,0,"{""name"":""polygon"",""all_points_x"":[366,349,353,371,387,399,402,393,387],""all_points_y"":[223,241,262,269,273,263,249,235,226]}","{""Blood_Cells"":""red""}"
154.jpg,51649,{},1,0,"{""name"":""polygon"",""all_points_x"":[249,243,247,263,277,285,285,275,262],""all_points_y"":[369,386,402,413,415,399,386,373,365]}","{""Blood_Cells"":""red""}"
155.jpg,50632,{},1,0,"{""name"":""polygon"",""all_points_x"":[339,327,327,335,349,363,372,365,353],""all_points_y"":[323,335,351,367,373,371,359,337,322]}","{""Blood_Cells"":""red""}"
156.jpg,54755,{},1,0,"{""name"":""polygon"",""all_points_x"":[281,265,269,282,300,311,313,306,295],""all_points_y"":[297,313,333,351,351,339,325,305,299]}","{""Blood_Cells"":""red""}"
157.jpg,54748,{},1,0,"{""name"":""polygon"",""all_points_x"":[260,245,242,253,270,292,297,297,290,279],""all_points_y"":[82,102,117,130,138,130,114,98,88,81]}","{""Blood_Cells"":""red""}"
158.jpg,54682,{},1,0,"{""name"":""polygon"",""all_points_x"":[216,207,214,231,254,255,249,231],""all_points_y"":[242,259,279,289,279,263,241,239]}","{""Blood_Cells"":""red""}"
159.jpg,50234,{},1,0,"{""name"":""polygon"",""all_points_x"":[347,339,343,367,380,383,378,368],""all_points_y"":[384,400,416,424,415,401,387,379]}","{""Blood_Cells"":""red""}"
160.jpg,56374,{},1,0,"{""name"":""polygon"",""all_points_x"":[368,353,353,370,384,396,396,381],""all_points_y"":[133,149,167,181,175,161,139,128]}","{""Blood_Cells"":""red""}"
161.jpg,57832,{},1,0,"{""name"":""polygon"",""all_points_x"":[175,170,171,180,194,213,221,218,209,193],""all_points_y"":[187,200,213,228,231,229,221,203,186,181]}","{""Blood_Cells"":""red""}"
162.jpg,56537,{},1,0,"{""name"":""polygon"",""all_points_x"":[158,150,159,177,193,208,212,208,189],""all_points_y"":[37,58,77,83,87,82,65,46,34]}","{""Blood_Cells"":""red""}"
163.jpg,51985,{},1,0,"{""name"":""polygon"",""all_points_x"":[329,323,321,332,349,365,367,352],""all_points_y"":[136,146,162,175,177,172,152,130]}","{""Blood_Cells"":""red""}"
164.jpg,53635,{},1,0,"{""name"":""polygon"",""all_points_x"":[417,406,407,416,433,447,452,450,440],""all_points_y"":[176,188,202,212,214,208,198,180,171]}","{""Blood_Cells"":""red""}"
165.jpg,56711,{},1,0,"{""name"":""polygon"",""all_points_x"":[244,238,241,256,267,277,283,280,266],""all_points_y"":[161,174,191,206,205,200,180,166,158]}","{""Blood_Cells"":""red""}"
166.jpg,54709,{},1,0,"{""name"":""polygon"",""all_points_x"":[262,258,268,285,303,310,309,300,281],""all_points_y"":[100,122,142,148,143,127,111,94,94]}","{""Blood_Cells"":""red""}"
167.jpg,51634,{},1,0,"{""name"":""polygon"",""all_points_x"":[277,271,276,297,316,323,319,299],""all_points_y"":[305,322,335,344,338,332,312,297]}","{""Blood_Cells"":""red""}"
168.jpg,58553,{},1,0,"{""name"":""polygon"",""all_points_x"":[389,389,401,416,428,435,430,417,402],""all_points_y"":[321,346,360,364,360,351,326,314,313]}","{""Blood_Cells"":""red""}"
169.jpg,62152,{},1,0,"{""name"":""polygon"",""all_points_x"":[123,130,125,113,99,94,94,99,110],""all_points_y"":[120,136,149,157,154,144,130,121,118]}","{""Blood_Cells"":""red""}"
170.jpg,59741,{},1,0,"{""name"":""polygon"",""all_points_x"":[161,152,153,161,169,187,196,195,188,178],""all_points_y"":[230,240,258,272,277,275,263,247,232,229]}","{""Blood_Cells"":""red""}"
171.jpg,49961,{},1,0,"{""name"":""polygon"",""all_points_x"":[319,311,312,320,334,350,358,362,352,344],""all_points_y"":[214,226,243,253,257,254,240,231,214,206]}","{""Blood_Cells"":""red""}"
172.jpg,61033,{},1,0,"{""name"":""polygon"",""all_points_x"":[74,63,65,89,103,111,111,101,85],""all_points_y"":[319,334,353,360,356,348,334,319,313]}","{""Blood_Cells"":""red""}"
173.jpg,48737,{},1,0,"{""name"":""polygon"",""all_points_x"":[318,313,324,340,353,358,359,354,339],""all_points_y"":[87,108,124,125,121,112,99,87,80]}","{""Blood_Cells"":""red""}"
174.jpg,59702,{},1,0,"{""name"":""polygon"",""all_points_x"":[328,321,325,342,359,368,369,363,351],""all_points_y"":[143,157,177,184,180,170,154,142,136]}","{""Blood_Cells"":""red""}"
175.jpg,60751,{},1,0,"{""name"":""polygon"",""all_points_x"":[165,157,156,163,183,196,201,194,185],""all_points_y"":[186,195,209,222,228,220,207,191,185]}","{""Blood_Cells"":""red""}"
176.jpg,62721,{},1,0,"{""name"":""polygon"",""all_points_x"":[279,271,277,293,311,319,319,313,297],""all_points_y"":[250,265,282,290,284,275,258,245,241]}","{""Blood_Cells"":""red""}"
177.jpg,61112,{},1,0,"{""name"":""polygon"",""all_points_x"":[238,232,236,256,269,279,276,258],""all_points_y"":[401,420,436,447,446,426,408,398]}","{""Blood_Cells"":""red""}"
178.jpg,59516,{},1,0,"{""name"":""polygon"",""all_points_x"":[280,272,276,296,311,321,327,321,299],""all_points_y"":[165,185,200,210,212,203,188,171,158]}","{""Blood_Cells"":""red""}"
179.jpg,62062,{},1,0,"{""name"":""polygon"",""all_points_x"":[141,133,138,157,179,185,185,177,161],""all_points_y"":[176,191,210,220,215,202,189,177,172]}","{""Blood_Cells"":""red""}"
180.jpg,59836,{},1,0,"{""name"":""polygon"",""all_points_x"":[210,204,203,217,231,245,252,252,253,228],""all_points_y"":[170,186,204,212,217,210,204,191,173,166]}","{""Blood_Cells"":""red""}"
181.jpg,60864,{},1,0,"{""name"":""polygon"",""all_points_x"":[342,325,322,329,344,359,369,374,373,361],""all_points_y"":[238,244,266,279,283,282,274,261,252,240]}","{""Blood_Cells"":""red""}"
182.jpg,57359,{},1,0,"{""name"":""polygon"",""all_points_x"":[158,149,147,156,173,189,195,197,197,193,183],""all_points_y"":[350,368,384,396,401,396,388,377,363,355,346]}","{""Blood_Cells"":""red""}"
183.jpg,63576,{},1,0,"{""name"":""polygon"",""all_points_x"":[146,137,137,145,160,177,181,171,157],""all_points_y"":[69,81,96,111,115,104,84,73,68]}","{""Blood_Cells"":""red""}"
184.jpg,59819,{},1,0,"{""name"":""polygon"",""all_points_x"":[137,130,130,143,154,165,169,174,173,161],""all_points_y"":[89,103,118,130,130,128,122,114,102,85]}","{""Blood_Cells"":""red""}"
185.jpg,56446,{},1,0,"{""name"":""polygon"",""all_points_x"":[277,261,257,261,273,291,307,295],""all_points_y"":[191,201,213,224,233,232,212,192]}","{""Blood_Cells"":""red""}"
186.jpg,57153,{},1,0,"{""name"":""polygon"",""all_points_x"":[229,212,212,226,248,260,265,264,245],""all_points_y"":[280,292,309,324,325,318,307,290,281]}","{""Blood_Cells"":""red""}"
187.jpg,58416,{},1,0,"{""name"":""polygon"",""all_points_x"":[195,182,182,189,196,209,218,227,224,216],""all_points_y"":[110,125,139,150,158,161,160,144,133,115]}","{""Blood_Cells"":""red""}"
188.jpg,57694,{},1,0,"{""name"":""polygon"",""all_points_x"":[196,185,185,196,208,221,229,230,225,215],""all_points_y"":[150,159,174,185,187,184,175,161,150,147]}","{""Blood_Cells"":""red""}"
189.jpg,63678,{},1,0,"{""name"":""polygon"",""all_points_x"":[316,309,313,320,330,347,354,359,354,347,337],""all_points_y"":[159,180,189,201,206,203,197,182,170,159,157]}","{""Blood_Cells"":""red""}"
190.jpg,65949,{},1,0,"{""name"":""polygon"",""all_points_x"":[316,307,312,326,339,350,353,349,336],""all_points_y"":[186,204,222,226,229,220,207,192,186]}","{""Blood_Cells"":""red""}"
191.jpg,54065,{},1,0,"{""name"":""polygon"",""all_points_x"":[271,259,260,275,294,306,310,311,302,287],""all_points_y"":[255,263,284,302,304,298,285,269,254,252]}","{""Blood_Cells"":""red""}"
192.jpg,58646,{},1,0,"{""name"":""polygon"",""all_points_x"":[274,265,264,270,283,299,313,313,305,289],""all_points_y"":[138,151,162,175,184,181,173,158,140,136]}","{""Blood_Cells"":""red""}"
193.jpg,58556,{},1,0,"{""name"":""polygon"",""all_points_x"":[300,284,281,287,303,317,325,325,316],""all_points_y"":[188,198,210,226,232,231,222,204,190]}","{""Blood_Cells"":""red""}"
194.jpg,54558,{},1,0,"{""name"":""polygon"",""all_points_x"":[305,297,302,319,337,341,333,321],""all_points_y"":[177,194,212,220,213,197,178,176]}","{""Blood_Cells"":""red""}"
195.jpg,56993,{},1,0,"{""name"":""polygon"",""all_points_x"":[103,93,95,105,122,134,137,131,121],""all_points_y"":[129,143,160,171,170,162,149,132,126]}","{""Blood_Cells"":""red""}"
196.jpg,68203,{},1,0,"{""name"":""polygon"",""all_points_x"":[363,359,367,383,391,406,412,412,405,385],""all_points_y"":[198,217,234,244,246,243,230,218,204,195]}","{""Blood_Cells"":""red""}"
197.jpg,59897,{},1,0,"{""name"":""polygon"",""all_points_x"":[229,219,215,220,230,245,253,258,257,248],""all_points_y"":[127,138,154,166,178,173,165,153,139,128]}","{""Blood_Cells"":""red""}"
198.jpg,66220,{},1,0,"{""name"":""polygon"",""all_points_x"":[339,329,338,356,370,379,375,370,354],""all_points_y"":[180,199,219,226,218,208,192,180,177]}","{""Blood_Cells"":""red""}"
199.jpg,70779,{},1,0,"{""name"":""polygon"",""all_points_x"":[240,233,234,249,270,283,285,278,265,253],""all_points_y"":[120,135,147,161,162,151,135,124,116,116]}","{""Blood_Cells"":""red""}"
200.jpg,60258,{},1,0,"{""name"":""polygon"",""all_points_x"":[379,371,368,375,393,406,411,409,396],""all_points_y"":[214,222,240,254,258,248,238,221,212]}","{""Blood_Cells"":""red""}"
201.jpg,65994,{},1,0,"{""name"":""polygon"",""all_points_x"":[326,314,313,326,344,354,362,363,353,342],""all_points_y"":[215,234,256,265,268,266,251,234,219,216]}","{""Blood_Cells"":""red""}"
202.jpg,59257,{},1,0,"{""name"":""polygon"",""all_points_x"":[118,108,108,118,135,149,155,148,132],""all_points_y"":[153,164,184,198,205,193,176,160,154]}","{""Blood_Cells"":""red""}"
203.jpg,62521,{},1,0,"{""name"":""polygon"",""all_points_x"":[251,242,243,254,277,285,288,280,266],""all_points_y"":[219,230,249,264,267,257,236,225,218]}","{""Blood_Cells"":""red""}"
204.jpg,61382,{},1,0,"{""name"":""polygon"",""all_points_x"":[244,235,238,253,275,287,287,277,264],""all_points_y"":[234,249,268,278,274,265,245,235,232]}","{""Blood_Cells"":""red""}"
205.jpg,71606,{},1,0,"{""name"":""polygon"",""all_points_x"":[251,243,243,252,269,282,288,287,284,271,265],""all_points_y"":[301,313,331,348,351,343,328,312,302,299,296]}","{""Blood_Cells"":""red""}"
206.jpg,63799,{},1,0,"{""name"":""polygon"",""all_points_x"":[291,283,288,300,317,329,332,323,305],""all_points_y"":[217,237,255,266,264,257,239,222,218]}","{""Blood_Cells"":""red""}"
207.jpg,61233,{},1,0,"{""name"":""polygon"",""all_points_x"":[358,348,343,347,357,367,380,386,390,384,373],""all_points_y"":[281,289,304,315,321,321,318,309,297,286,279]}","{""Blood_Cells"":""red""}"
208.jpg,56009,{},1,0,"{""name"":""polygon"",""all_points_x"":[242,231,233,240,259,271,279,279,266,257],""all_points_y"":[268,282,300,309,315,312,303,286,268,268]}","{""Blood_Cells"":""red""}"
209.jpg,63676,{},1,0,"{""name"":""polygon"",""all_points_x"":[178,173,173,181,199,210,217,219,214,203,195],""all_points_y"":[78,87,102,113,115,112,100,89,80,74,72]}","{""Blood_Cells"":""red""}"
210.jpg,63924,{},1,0,"{""name"":""polygon"",""all_points_x"":[113,102,106,118,131,146,153,149,137],""all_points_y"":[348,362,374,390,391,381,372,357,346]}","{""Blood_Cells"":""red""}"
211.jpg,61133,{},1,0,"{""name"":""polygon"",""all_points_x"":[346,333,332,340,353,365,377,383,376,365],""all_points_y"":[180,192,212,225,232,233,221,206,192,181]}","{""Blood_Cells"":""red""}"
212.jpg,59685,{},1,0,"{""name"":""polygon"",""all_points_x"":[255,246,245,251,268,281,290,291,285,269],""all_points_y"":[86,97,110,124,127,121,114,101,83,81]}","{""Blood_Cells"":""red""}"
213.jpg,64191,{},1,0,"{""name"":""polygon"",""all_points_x"":[318,311,315,330,343,356,358,353,330],""all_points_y"":[117,133,150,160,161,151,136,119,112]}","{""Blood_Cells"":""red""}"
214.jpg,59380,{},1,0,"{""name"":""polygon"",""all_points_x"":[287,277,275,287,302,318,324,325,313,299],""all_points_y"":[336,346,361,374,378,375,365,351,340,334]}","{""Blood_Cells"":""red""}"
215.jpg,60593,{},1,0,"{""name"":""polygon"",""all_points_x"":[323,318,322,332,345,353,357,359,351,335],""all_points_y"":[226,240,257,265,265,260,252,238,223,224]}","{""Blood_Cells"":""red""}"
216.jpg,64244,{},1,0,"{""name"":""polygon"",""all_points_x"":[310,293,289,299,316,325,338,345,344,338,329],""all_points_y"":[86,94,108,127,134,134,126,118,105,93,86]}","{""Blood_Cells"":""red""}"
217.jpg,38268,{},1,0,"{""name"":""polygon"",""all_points_x"":[226,219,218,228,238,248,257,267,269,265,253],""all_points_y"":[282,294,311,325,328,327,324,318,299,288,280]}","{""Blood_Cells"":""red""}"
218.jpg,58013,{},1,0,"{""name"":""polygon"",""all_points_x"":[265,259,258,263,274,284,295,305,307,305,290,282],""all_points_y"":[125,132,144,157,166,170,167,159,147,140,128,124]}","{""Blood_Cells"":""red""}"
219.jpg,66864,{},1,0,"{""name"":""polygon"",""all_points_x"":[297,288,291,300,311,323,334,337,337,335,326,317],""all_points_y"":[217,234,250,261,265,263,256,246,235,227,216,214]}","{""Blood_Cells"":""red""}"
220.jpg,64344,{},1,0,"{""name"":""polygon"",""all_points_x"":[166,162,167,175,189,201,210,214,212,208,199,191],""all_points_y"":[159,173,190,196,198,195,190,181,167,159,154,151]}","{""Blood_Cells"":""red""}"
221.jpg,66041,{},1,0,"{""name"":""polygon"",""all_points_x"":[319,308,305,310,323,335,350,352,350,343,330],""all_points_y"":[320,327,344,361,367,367,355,344,332,323,320]}","{""Blood_Cells"":""red""}"
222.jpg,60983,{},1,0,"{""name"":""polygon"",""all_points_x"":[249,242,239,245,254,271,282,287,290,279,260],""all_points_y"":[117,126,140,152,162,162,157,147,131,115,113]}","{""Blood_Cells"":""red""}"
223.jpg,63199,{},1,0,"{""name"":""polygon"",""all_points_x"":[191,164,160,162,173,190,202,208,208,204],""all_points_y"":[221,228,244,255,266,268,260,253,242,230]}","{""Blood_Cells"":""red""}"
224.jpg,59353,{},1,0,"{""name"":""polygon"",""all_points_x"":[260,246,239,242,251,262,275,285,289,287,285,273],""all_points_y"":[100,108,122,134,144,146,145,137,127,118,108,103]}","{""Blood_Cells"":""red""}"
225.jpg,62577,{},1,0,"{""name"":""polygon"",""all_points_x"":[226,216,215,221,230,241,255,265,267,265,256,244],""all_points_y"":[263,272,282,296,302,306,300,294,283,270,260,260]}","{""Blood_Cells"":""red""}"
226.jpg,60642,{},1,0,"{""name"":""polygon"",""all_points_x"":[181,175,180,192,207,219,227,229,229,215,191],""all_points_y"":[178,198,216,226,227,224,216,200,188,174,175]}","{""Blood_Cells"":""red""}"
227.jpg,61697,{},1,0,"{""name"":""polygon"",""all_points_x"":[271,260,256,259,269,287,301,307,304,298,288],""all_points_y"":[209,217,234,251,263,263,253,237,220,210,206]}","{""Blood_Cells"":""red""}"
228.jpg,58671,{},1,0,"{""name"":""polygon"",""all_points_x"":[355,347,342,345,358,373,385,388,382,370],""all_points_y"":[322,328,338,353,362,363,354,342,326,319]}","{""Blood_Cells"":""red""}"
229.jpg,60385,{},1,0,"{""name"":""polygon"",""all_points_x"":[216,203,202,210,223,247,255,256,248,231],""all_points_y"":[234,250,264,280,289,284,269,253,239,233]}","{""Blood_Cells"":""red""}"
230.jpg,61749,{},1,0,"{""name"":""polygon"",""all_points_x"":[195,188,192,203,219,233,240,240,230,216],""all_points_y"":[139,156,172,182,186,182,170,159,142,135]}","{""Blood_Cells"":""red""}"
231.jpg,57516,{},1,0,"{""name"":""polygon"",""all_points_x"":[271,258,260,273,289,299,310,313,312,308,288],""all_points_y"":[294,310,328,339,341,340,330,320,308,298,290]}","{""Blood_Cells"":""red""}"
232.jpg,55954,{},1,0,"{""name"":""polygon"",""all_points_x"":[317,293,288,297,317,334,344,351,347,332],""all_points_y"":[96,108,127,141,148,147,139,126,113,100]}","{""Blood_Cells"":""red""}"
233.jpg,54193,{},1,0,"{""name"":""polygon"",""all_points_x"":[309,304,319,341,355,359,353,344,323],""all_points_y"":[160,186,204,208,198,181,166,156,154]}","{""Blood_Cells"":""red""}"
234.jpg,50688,{},1,0,"{""name"":""polygon"",""all_points_x"":[140,143,151,169,186,193,194,188,170,151],""all_points_y"":[334,356,373,374,366,360,344,328,319,323]}","{""Blood_Cells"":""red""}"
235.jpg,51624,{},1,0,"{""name"":""polygon"",""all_points_x"":[303,297,305,322,347,355,349,341,331,321],""all_points_y"":[285,304,321,331,326,310,295,287,282,280]}","{""Blood_Cells"":""red""}"
236.jpg,47563,{},1,0,"{""name"":""polygon"",""all_points_x"":[225,214,213,225,237,253,261,263,261,256,241],""all_points_y"":[324,337,354,370,372,368,358,346,335,327,322]}","{""Blood_Cells"":""red""}"
237.jpg,49647,{},1,0,"{""name"":""polygon"",""all_points_x"":[295,272,269,276,293,317,328,323,312],""all_points_y"":[118,129,149,164,172,169,156,131,121]}","{""Blood_Cells"":""red""}"
238.jpg,49734,{},1,0,"{""name"":""polygon"",""all_points_x"":[409,381,385,401,422,433,437,427],""all_points_y"":[329,352,376,390,391,382,352,336]}","{""Blood_Cells"":""red""}"
239.jpg,52794,{},1,0,"{""name"":""polygon"",""all_points_x"":[312,296,295,303,323,339,345,343,336,329],""all_points_y"":[120,141,160,174,180,171,157,141,130,124]}","{""Blood_Cells"":""red""}"
240.jpg,49599,{},1,0,"{""name"":""polygon"",""all_points_x"":[261,252,245,253,267,284,296,298,292,281],""all_points_y"":[198,207,223,241,250,245,235,215,203,198]}","{""Blood_Cells"":""red""}"
241.jpg,51995,{},1,0,"{""name"":""polygon"",""all_points_x"":[337,321,319,323,335,351,370,377,371,363,349],""all_points_y"":[84,98,112,128,136,139,129,110,92,85,83]}","{""Blood_Cells"":""red""}"
242.jpg,55961,{},1,0,"{""name"":""polygon"",""all_points_x"":[162,159,167,180,198,208,206,197,180],""all_points_y"":[260,287,297,301,297,277,260,252,252]}","{""Blood_Cells"":""red""}"
243.jpg,54315,{},1,0,"{""name"":""polygon"",""all_points_x"":[241,223,224,241,257,271,272,272,256],""all_points_y"":[201,212,236,248,247,236,223,209,201]}","{""Blood_Cells"":""red""}"
244.jpg,53337,{},1,0,"{""name"":""polygon"",""all_points_x"":[182,173,180,191,207,223,227,223,213,197],""all_points_y"":[123,142,162,171,175,157,144,132,122,122]}","{""Blood_Cells"":""red""}"
245.jpg,58317,{},1,0,"{""name"":""polygon"",""all_points_x"":[182,172,173,181,201,217,223,220,214,198],""all_points_y"":[251,269,287,300,304,300,282,262,252,250]}","{""Blood_Cells"":""red""}"
246.jpg,53679,{},1,0,"{""name"":""polygon"",""all_points_x"":[334,315,310,321,343,362,369,365,356],""all_points_y"":[165,181,197,212,220,212,196,180,169]}","{""Blood_Cells"":""red""}"
247.jpg,53579,{},1,0,"{""name"":""polygon"",""all_points_x"":[179,178,185,198,213,233,229,220,196],""all_points_y"":[162,181,196,203,203,190,158,151,152]}","{""Blood_Cells"":""red""}"
248.jpg,54533,{},1,0,"{""name"":""polygon"",""all_points_x"":[351,343,347,357,372,389,400,401,398,387,371],""all_points_y"":[117,138,154,164,160,156,148,134,124,115,112]}","{""Blood_Cells"":""red""}"
249.jpg,54144,{},1,0,"{""name"":""polygon"",""all_points_x"":[388,378,375,381,399,418,425,426,417,407],""all_points_y"":[213,225,239,256,263,254,242,226,211,210]}","{""Blood_Cells"":""red""}"
250.jpg,47620,{},1,0,"{""name"":""polygon"",""all_points_x"":[176,163,159,166,180,191,196,202,203,202,193],""all_points_y"":[346,357,371,388,394,393,389,381,370,358,349]}","{""Blood_Cells"":""red""}"
251.jpg,44486,{},1,0,"{""name"":""polygon"",""all_points_x"":[406,398,397,406,415,441,451,444,437,425],""all_points_y"":[132,150,170,186,190,184,175,158,139,130]}","{""Blood_Cells"":""red""}"
252.jpg,57454,{},1,0,"{""name"":""polygon"",""all_points_x"":[315,305,309,319,333,348,357,360,355,350,336],""all_points_y"":[154,170,188,200,203,201,193,182,164,155,148]}","{""Blood_Cells"":""red""}"
253.jpg,54989,{},1,0,"{""name"":""polygon"",""all_points_x"":[171,167,153,135,126,126,130,138,157,163],""all_points_y"":[184,209,223,219,203,188,176,171,174,176]}","{""Blood_Cells"":""red""}"
254.jpg,55494,{},1,0,"{""name"":""polygon"",""all_points_x"":[359,349,354,365,381,394,401,403,400,379],""all_points_y"":[366,380,398,408,408,406,396,384,370,358]}","{""Blood_Cells"":""red""}"
255.jpg,60150,{},1,0,"{""name"":""polygon"",""all_points_x"":[279,293,307,308,302,290,276,266,261,267,275],""all_points_y"":[324,326,317,302,288,282,281,287,302,316,322]}","{""Blood_Cells"":""red""}"
256.jpg,58979,{},1,0,"{""name"":""polygon"",""all_points_x"":[209,214,212,201,188,175,169,168,168,171,182,194,200],""all_points_y"":[116,131,144,152,158,154,146,134,120,112,109,108,108]}","{""Blood_Cells"":""red""}"
257.jpg,55982,{},1,0,"{""name"":""polygon"",""all_points_x"":[382,368,367,378,395,411,418,418,405],""all_points_y"":[335,351,373,385,385,379,366,353,336]}","{""Blood_Cells"":""red""}"
258.jpg,55937,{},1,0,"{""name"":""polygon"",""all_points_x"":[218,211,215,233,250,261,262,258,242,226],""all_points_y"":[368,382,398,410,407,394,380,369,358,361]}","{""Blood_Cells"":""red""}"
259.jpg,52916,{},1,0,"{""name"":""polygon"",""all_points_x"":[313,309,313,326,342,353,356,353,337,324],""all_points_y"":[180,199,215,224,224,216,200,189,174,175]}","{""Blood_Cells"":""red""}"
260.jpg,56840,{},1,0,"{""name"":""polygon"",""all_points_x"":[265,259,261,267,284,299,309,311,310,303,294,283],""all_points_y"":[97,110,126,140,144,144,130,120,110,100,93,92]}","{""Blood_Cells"":""red""}"
261.jpg,54928,{},1,0,"{""name"":""polygon"",""all_points_x"":[370,357,340,338,345,355,367,383,390,384,381],""all_points_y"":[188,190,196,210,224,233,235,232,214,203,196]}","{""Blood_Cells"":""red""}"
262.jpg,47898,{},1,0,"{""name"":""polygon"",""all_points_x"":[323,311,306,312,326,344,357,365,365,358,342],""all_points_y"":[205,220,232,244,251,254,253,246,229,213,206]}","{""Blood_Cells"":""red""}"
263.jpg,52695,{},1,0,"{""name"":""polygon"",""all_points_x"":[313,300,299,307,314,340,351,353,345,333],""all_points_y"":[181,194,215,230,237,229,220,208,186,181]}","{""Blood_Cells"":""red""}"
264.jpg,47510,{},1,0,"{""name"":""polygon"",""all_points_x"":[242,237,242,267,288,289,283,263],""all_points_y"":[231,261,278,282,273,248,232,226]}","{""Blood_Cells"":""red""}"
265.jpg,43678,{},1,0,"{""name"":""polygon"",""all_points_x"":[310,291,281,284,301,329,341,331],""all_points_y"":[123,134,147,164,180,177,158,129]}","{""Blood_Cells"":""red""}"
266.jpg,48913,{},1,0,"{""name"":""polygon"",""all_points_x"":[261,248,240,242,265,283,296,302,301,294,284],""all_points_y"":[171,177,188,212,224,222,208,198,185,174,171]}","{""Blood_Cells"":""red""}"
267.jpg,57389,{},1,0,"{""name"":""polygon"",""all_points_x"":[360,350,344,351,373,391,401,402,397,382],""all_points_y"":[240,251,264,280,291,290,276,263,249,240]}","{""Blood_Cells"":""red""}"
268.jpg,59176,{},1,0,"{""name"":""polygon"",""all_points_x"":[258,251,249,257,275,285,299,303,302,288,275],""all_points_y"":[399,411,426,439,447,449,441,427,412,402,400]}","{""Blood_Cells"":""red""}"
269.jpg,67213,{},1,0,"{""name"":""polygon"",""all_points_x"":[266,253,254,260,275,289,301,304,304,300,286],""all_points_y"":[254,270,286,300,306,300,290,280,271,260,252]}","{""Blood_Cells"":""red""}"
270.jpg,69377,{},1,0,"{""name"":""polygon"",""all_points_x"":[220,216,216,221,228,241,249,261,263,264,261,253,243,232],""all_points_y"":[185,196,206,216,221,225,224,216,209,200,193,185,182,181]}","{""Blood_Cells"":""red""}"
271.jpg,51052,{},1,0,"{""name"":""polygon"",""all_points_x"":[216,205,202,210,217,234,253,256,255,251,235],""all_points_y"":[152,162,176,188,195,195,187,173,160,151,147]}","{""Blood_Cells"":""red""}"
272.jpg,63142,{},1,0,"{""name"":""polygon"",""all_points_x"":[261,247,245,253,264,279,295,298,296,289,275],""all_points_y"":[160,174,192,202,209,211,202,188,176,165,161]}","{""Blood_Cells"":""red""}"
273.jpg,57654,{},1,0,"{""name"":""polygon"",""all_points_x"":[171,158,147,142,146,158,173,187,195,197,197,190,183],""all_points_y"":[272,274,282,297,312,324,326,322,307,298,289,282,274]}","{""Blood_Cells"":""red""}"
274.jpg,54397,{},1,0,"{""name"":""polygon"",""all_points_x"":[379,362,361,368,386,400,411,410,406,397],""all_points_y"":[255,270,284,301,306,303,290,272,263,257]}","{""Blood_Cells"":""red""}"
275.jpg,70360,{},1,0,"{""name"":""polygon"",""all_points_x"":[265,258,261,269,283,298,305,307,304,295,281],""all_points_y"":[232,246,260,271,275,270,261,248,237,230,227]}","{""Blood_Cells"":""red""}"
276.jpg,60084,{},1,0,"{""name"":""polygon"",""all_points_x"":[164,185,186,183,174,159,145,138,136,147],""all_points_y"":[360,381,392,403,409,412,408,388,372,365]}","{""Blood_Cells"":""red""}"
277.jpg,68468,{},1,0,"{""name"":""polygon"",""all_points_x"":[244,236,237,247,267,284,291,289,281,266,253],""all_points_y"":[273,292,306,318,323,314,303,284,272,267,269]}","{""Blood_Cells"":""red""}"
278.jpg,64664,{},1,0,"{""name"":""polygon"",""all_points_x"":[313,302,302,309,318,334,348,355,353,343,328],""all_points_y"":[256,270,285,300,305,306,297,284,268,257,253]}","{""Blood_Cells"":""red""}"
279.jpg,55523,{},1,0,"{""name"":""polygon"",""all_points_x"":[275,268,264,267,280,297,314,321,316,311,296],""all_points_y"":[242,249,263,274,288,290,282,266,252,242,238]}","{""Blood_Cells"":""red""}"
280.jpg,59440,{},1,0,"{""name"":""polygon"",""all_points_x"":[217,226,223,217,200,181,173,171,180,195,207],""all_points_y"":[334,352,366,376,380,376,362,342,335,330,331]}","{""Blood_Cells"":""red""}"
281.jpg,54519,{},1,0,"{""name"":""polygon"",""all_points_x"":[282,273,276,288,306,320,332,333,328,307],""all_points_y"":[226,244,261,272,274,271,257,237,226,218]}","{""Blood_Cells"":""red""}"
282.jpg,66205,{},1,0,"{""name"":""polygon"",""all_points_x"":[329,320,324,333,349,362,375,374,370,357,342],""all_points_y"":[154,171,188,196,196,195,182,166,153,148,149]}","{""Blood_Cells"":""red""}"
283.jpg,61428,{},1,0,"{""name"":""polygon"",""all_points_x"":[255,244,248,256,271,285,291,292,289,280,268],""all_points_y"":[89,100,120,134,135,129,121,108,96,85,84]}","{""Blood_Cells"":""red""}"
284.jpg,72592,{},1,0,"{""name"":""polygon"",""all_points_x"":[303,294,296,305,317,332,340,341,337,317],""all_points_y"":[135,148,164,173,176,172,160,148,138,130]}","{""Blood_Cells"":""red""}"
285.jpg,64459,{},1,0,"{""name"":""polygon"",""all_points_x"":[229,221,225,235,245,261,268,268,257,245],""all_points_y"":[133,149,166,177,182,178,164,149,129,128]}","{""Blood_Cells"":""red""}"
286.jpg,73746,{},1,0,"{""name"":""polygon"",""all_points_x"":[367,348,345,353,368,381,394,396,390,380],""all_points_y"":[207,216,231,247,255,254,241,229,213,208]}","{""Blood_Cells"":""white""}"
287.jpg,66378,{},1,0,"{""name"":""polygon"",""all_points_x"":[304,288,284,288,308,323,332,335,319],""all_points_y"":[247,254,270,288,295,291,284,265,251]}","{""Blood_Cells"":""red""}"
288.jpg,70553,{},1,0,"{""name"":""polygon"",""all_points_x"":[349,346,353,370,385,389,387,375,363],""all_points_y"":[220,237,254,261,252,235,217,214,215]}","{""Blood_Cells"":""red""}"
289.jpg,65119,{},1,0,"{""name"":""polygon"",""all_points_x"":[403,394,396,403,412,427,438,442,437,422],""all_points_y"":[282,299,315,326,328,327,317,299,286,277]}","{""Blood_Cells"":""red""}"
290.jpg,71659,{},1,0,"{""name"":""polygon"",""all_points_x"":[326,323,324,331,345,362,371,369,366,345],""all_points_y"":[314,325,339,349,353,351,338,324,311,307]}","{""Blood_Cells"":""red""}"
